804051,Vižmarje,"14,4588158453668","46,1001343558892"
804041,Šentvid,"14,4663668666688","46,095469885169"
804042,Šentvid,"14,4653547563056","46,0966915278023"
804031,Podgora,"14,4692993577114","46,0925702680057"
804032,Podgora,"14,4691406660577","46,0935450967278"
804021,Prušnikova,"14,4716311635353","46,089910023321"
804022,Prušnikova,"14,4713579672898","46,0907175876449"
804011,Trata,"14,4740952834977","46,0870811635291"
804012,Trata,"14,4746134585934","46,0871662820164"
803041,Dravlje,"14,4776295445231","46,0835784412999"
803042,Dravlje,"14,4783480068958","46,0835599023968"
803031,Kompas,"14,4802981654157","46,0797182553747"
803032,Kompas,"14,4807016995688","46,0798333635307"
803021,Avtomontaža,"14,4822732496708","46,0769346799793"
803022,Avtom ontaža,"14,4824498264085","46,0773180697392"
803011,Slovenija avto,"14,4862110955774","46,0731809882551"
803014,Remiza,"14,4855071825561","46,0743539437374"
802021,Kino Šiška,"14,489376","46,069726"
802022,Kino Šiška,"14,49028","46,069271"
802011,Stara cerkev,"14,4943382197834","46,0640674962697"
802012,Stara cerkev,"14,4942089544609","46,0650025718064"
801011,Tivoli,"14,4973438354549","46,0603002787038"
801012,Tivoli,"14,4979610166072","46,0600747882683"
700011,Kolizej,"14,5021841477705","46,0557787581719"
700012,Hotel Lev,"14,5020019817606","46,0563699710505"
601012,Konzorcij,"14,5028118794508","46,0510485904068"
601011,Pošta,"14,5035789582228","46,0521648812245"
602022,Drama,"14,5017333205319","46,0488142650673"
602021,Drama,"14,5021239009244","46,0489786307716"
602052,Aškerčeva,"14,4993791192346","46,0466733978688"
602051,Aškerčeva,"14,498692577197","46,0466149021947"
602042,Tobačna,"14,4935786010422","46,0470755662802"
602041,Tobačna,"14,4944646192484","46,0469033031607"
602032,Hajdrihova,"14,489879993166","46,0458430605145"
602031,Hajdrihova,"14,4904055379179","46,045525262675"
603012,Jadranska,"14,4892784678837","46,0422488747526"
603011,Jadranska,"14,4886758245036","46,0437795777789"
603022,Gerbičeva,"14,4898329587134","46,0403670659872"
603021,Gerbičeva,"14,4900057577242","46,0407648558072"
603032,Krimska,"14,4892577226481","46,0366909125103"
603031,Krimska,"14,4897181962958","46,0365812948747"
603041,Koprska,"14,4845342445523","46,0353959724272"
202051,Zelena jama,"14,529347","46,063581"
203011,Pokopališka,"14,5292756102799","46,065626401728"
203012,Pokopališka,"14,5290011802691","46,0656090130998"
202061,Zale,"14,5272767513117","46,0669620118359"
202062,Zale,"14,5276637870277","46,066898944631"
202041,Savsko naselje,"14,5243578154065","46,0626691785687"
202042,Savsko naselje,"14,524853932852","46,0627649957494"
202011,Viadukt,"14,5206843510052","46,059483398847"
202012,Viadukt,"14,5211296660527","46,059471046818"
301011,Friškovec,"14,5183160715773","46,057442524105"
301012,Friškovec,"14,5167482582541","46,0574878665168"
300011,Kolodvor,"14,5094296324936","46,0577343087827"
300012,Kolodvor,"14,5109627482171","46,0574747093719"
600012,Bavarski dvor (Kozolec),"14,5054511143427","46,0567200628621"
600011,Bavarski dvor (Korabar),"14,5055778462864","46,0563691039451"
502011,Poljanska,"14,5147725070593","46,0505552898975"
502012,Poljanska,"14,5156647031503","46,0500317413051"
402031,Klinični center,"14,5205554330943","46,0524267760194"
402032,Klinični center,"14,5209650400139","46,0523047836622"
402041,Bolnica,"14,5282085175713","46,0543085654282"
402042,Bolnica,"14,5289485995372","46,0542549933401"
303011,T ržnica Moste,"14,5344568660752","46,0558777600207"
303012,Tržnica Moste,"14,5339650999744","46,0554975381072"
303021,Zaloška,"14,5395127552736","46,0561411194173"
303022,Kajuhova,"14,5407996229684","46,0565607337641"
203062,Tovorni kolodvor,"14,5394172706079","46,060729764712"
203061,Tovorni kolodvor,"14,5391211009896","46,0614408098368"
203052,Kavčičeva,"14,5364808386361","46,0639666638168"
203051,Kavčičeva,"14,535905113622","46,0640695390938"
203022,Rožičeva,"14,5320453199363","46,0633347305643"
203021,Rožičeva,"14,5317005640753","46,0633447391051"
203041,Sola Jarše,"14,533173796629","46,0667535149744"
203042,Sola Jarše,"14,5345499734436","46,0671498839754"
203091,Jarše,"14,5366875508196","46,0684510441875"
203092,Jarše,"14,5387445215647","46,0687318055859"
203101,Kodrava,"14,5399354977784","46,0692253015597"
203102,Kodrova,"14,5414942639509","46,0691507508133"
203151,Žito,"14,5452580430306","46,0699275349816"
203152,Žito,"14,5467393442049","46,0698226895654"
203161,Nove Jarše-Smartinska,"14,5484280325217","46,0703746047442"
203171,Nove Jarše,"14,5512191149212","46,0695989381466"
803012,Slovenija avto,"14,4865567638802","46,0738537171375"
602061,Križanke,"14,5016451401323","46,0462959189535"
602062,Križanke,"14,5021824108121","46,0459610063461"
602101,Gornji trg,"14,5063616966418","46,0459373831064"
602102,Gornji trg,"14,5064869358443","46,0457408698752"
602111,Privoz,"14,5113775201499","46,0440087305618"
602112,Privoz,"14,5116395329957","46,0436871390557"
503011,Strelišče,"14,5171085645323","46,0393406347181"
503012,Strelišče,"14,5176450608338","46,0386440849511"
503021,Rakovnik,"14,5229852606273","46,03622560865"
503022,Rakovnik,"14,5237769348064","46,0356131885114"
503031,Akademija,"14,52924188551","46,0321902788228"
503032,Akademija,"14,5290982905482","46,0320795364951"
503041,Peruzzijeva,"14,532655721019","46,0299221276014"
503042,Peruzzijeva,"14,5317593452538","46,0302659686408"
504011,Gornji Rudnik,"14,5354591916259","46,0283415248652"
504012,Gornji Rudnik,"14,5355323015909","46,0280429889558"
504021,Spodnji Rudnik,"14,5401874811351","46,0236765791319"
504022,Spodnji Rudnik,"14,5404867282094","46,022754200005"
504031,Rudnik,"14,5442235284601","46,0180754532625"
804221,Podutik,"14,4437468732627","46,074700607212"
804212,Murkova,"14,4489268845816","46,0741641610318"
804211,Murkova,"14,4500348271652","46,0735555583435"
804202,Omersova,"14,45286424872","46,0741445860599"
804201,Omersova,"14,454199290376","46,0740682324078"
803152,Draveljska gmajna,"14,4614593041291","46,0739502116334"
803151,Draveljska gmajna,"14,461609180508","46,0737654431551"
803142,Koseze,"14,4676912359921","46,0721727685109"
803141,Koseze,"14,4673609645689","46,072124031422"
803132,Bratov Učakar,"14,4733813920661","46,0697392773975"
803131,Bratov Učakar,"14,4727939732586","46,0698730895148"
803082,Kneza Koclja,"14,4809774479051","46,0717449040447"
803081,Kneza Koclja,"14,4809568373857","46,0714477548823"
803016,Šišenska,"14,4850548474213","46,0737811474814"
500011,Tavčarjeva,"14,5063137855025","46,0547360452192"
500012,Turist,"14,5074699497496","46,0535979234662"
501011,Ilirska,"14,5137765606089","46,0530533396928"
501012,Ilirska,"14,5141083545737","46,0528795585258"
402011,Hrvatski trg,"14,5168527242346","46,0524970098127"
402012,Hrvatski trg,"14,5184870236625","46,0528615126994"
502013,Ambrožev trg,"14,5172493587762","46,0495728420941"
502014,Ambrožev trg,"14,5168919025372","46,0495752574493"
402061,Gornje Poljane,"14,5223698735479","46,0489022481686"
402062,Gornje Poljane,"14,5245678375734","46,0487326038029"
402051,Glonarjeva,"14,5264661162759","46,0502893202748"
402052,Glonarjeva,"14,5270949974698","46,0505565109467"
403011,Jana Husa,"14,5329079230999","46,0532800749137"
403012,Jana Husa,"14,5339355788506","46,0534490553296"
403023,Kodeljevo,"14,5395596910308","46,051574636556"
403022,Kodeljevo,"14,5391041111301","46,0512200388844"
403043,Stepanja vas,"14,5385547626929","46,048686027518"
403042,Stepanja vas,"14,539141192577","46,0479287229107"
403051,Emona,"14,5448415145015","46,0477987299173"
403052,Emona,"14,5454590738668","46,0474984725596"
303041,Stepanjsko naselje,"14,5478810412379","46,0538135256933"
104161,Črnuče,"14,536491951893","46,1043078257781"
104111,Rogovile,"14,5298510409618","46,1023253843479"
104112,Rogovile,"14,5311285344587","46,1025425719233"
104101,Kolodvor Črnuče,"14,526211461955","46,1015457641637"
104102,Kolodvor Črnuče,"14,5253262447597","46,1012083782083"
104051,Sava,"14,5218039346614","46,1009611640019"
104052,Sava,"14,5219852697672","46,1008107901197"
104031,Ježica,"14,5170408964945","46,0975162283911"
104032,Ježica,"14,5168881828962","46,0961850895719"
103131,Ruski car,"14,5137092587974","46,0906467387283"
103132,Ruski car,"14,5140160529417","46,0907372414532"
103101,Stožice,"14,5138290303445","46,0862351317798"
103102,Stožice,"14,5140151073556","46,0860541515796"
103071,Smelt,"14,5130944086417","46,0822915734937"
103072,Smelt,"14,5134640245604","46,0822741463821"
103031,AMZS,"14,5119820922278","46,0777596483193"
103032,AMZS,"14,5124000736934","46,0778507018314"
102081,Mercator,"14,5110342078146","46,0736602899406"
102082,Mercator,"14,5115046138393","46,073863281521"
102041,Stadion,"14,5100119918817","46,0692096897746"
102042,Stadion,"14,5105110188022","46,069478149715"
101051,Astra,"14,5084860025511","46,0647389188896"
101052,Astra,"14,5090730833369","46,0648973517199"
100021,Razstavišče,"14,5070188919119","46,0607888162495"
100022,Razstavišče,"14,5077089966774","46,0610219292677"
703072,Stan in dom,"14,4865134291888","46,0448634378802"
703071,Stan in dom,"14,4870131435458","46,0445455402425"
703082,Glince,"14,4814343274799","46,0434445186122"
703081,Glince,"14,4821914599498","46,0432357780323"
703092,Vič,"14,4773615599551","46,0422099163163"
703091,Vič,"14,4783240619201","46,0421461001339"
703102,Bonifacija,"14,4737331862327","46,0404553425657"
703101,Bonifacija,"14,4737691945907","46,0399914117333"
704011,Dolgi most - obračališče,"14,4633003019463","46,037391581951"
804181,Pržan,"14,4587585391091","46,088468380925"
804171,Andreja Bitenca,"14,4651328356827","46,0853832906922"
804172,Andreja Bitenca,"14,4651100051609","46,0859041528413"
803121,Plešičeva,"14,4694274912936","46,0815100577848"
803122,Plešičeva,"14,4696368664751","46,0818567495464"
803111,Čebelarska,"14,4717184718765","46,0783920213723"
803112,Čebelarska,"14,4715954707461","46,0789262533192"
803101,Tržnica Koseze,"14,4758989929015","46,073932320023"
803102,Tržnica Koseze,"14,4758692630004","46,0743592966343"
803091,Zgornja Šiška,"14,4804184082228","46,0699732179614"
803092,Zgornja Šiška,"14,4784491185266","46,0711072255671"
802041,Bolnica P. Držaja,"14,4857786602125","46,0675141042531"
802042,Bolnica P. Držaja,"14,485504304584","46,0679190680763"
802031,Na jami,"14,4901457775681","46,0666307062578"
802032,Na jami,"14,4897452389028","46,0666625666718"
101031,Bežigrad,"14,5117702100289","46,0637341978335"
101032,Bežigrad,"14,5101806614003","46,063337242755"
202021,Prekmurska,"14,5158912218391","46,0645765757045"
202022,Prekmurska,"14,5165665689864","46,0645865836567"
202031,Savske stolpnice,"14,5217855318437","46,065797444571"
202032,Savske stolpnice,"14,5230283655615","46,065866186599"
203181,Bratislavska,"14,5515032876908","46,0661748219224"
203182,Bratislavska,"14,5510579735067","46,065833148618"
204011,Leskoškova,"14,558657","46,06205"
204012,Leskoškova,"14,558216","46,061921"
204021,GZL,"14,563411","46,062134"
204022,GZL,"14,564377","46,061968"
204031,Rog,"14,566488","46,062149"
204032,Rog,"14,567524","46,062026"
204041,Letališka,"14,570552","46,062183"
204042,Letališka,"14,571226","46,062066"
204051,Letališka-obračališče,"14,5732202133182","46,0621538094006"
804121,Brod,"14,4626231405824","46,1154465205652"
804131,Martinova,"14,4643239927149","46,1135152493032"
804111,Ob daljnovodu,"14,4615717531236","46,1122270158474"
804112,Ob daljnovodu,"14,4620598466144","46,1129132144244"
804101,Tabor,"14,4616745846504","46,10834870673"
804102,Tabor,"14,4618896053543","46,1091628228159"
804091,Na klancu,"14,4625865888085","46,1039067303233"
804092,Na klancu,"14,4629533391946","46,1037944886001"
804081,Kosmačeva,"14,4607964902229","46,1009023530574"
804082,Kosmačeva,"14,4610139536294","46,1008640530497"
804161,IMP,"14,4770886855179","46,0890354971728"
804162,IMP,"14,4773244519037","46,0893348633412"
803071,Tehnounion,"14,4803785080757","46,0858335781574"
803072,Tehnounion,"14,4796957407311","46,0870563684513"
803061,Ljubljanske brigade,"14,4866913944941","46,0797538084623"
803062,Ljubljanske brigade,"14,4852617844443","46,0816800238783"
803051,Litostrojska,"14,4889551547064","46,0769658743919"
803052,Litostrojska,"14,4892082887912","46,0767540512211"
104033,Ježica,"14,5168802318686","46,0971828036059"
602121,T rnovo,"14,509281380943","46,0409531476367"
603082,Veliki štradon,"14,5055322633425","46,0378636579932"
603081,Veliki štradon,"14,5047099987106","46,0374530185592"
603072,Pot na Rakovo jelšo,"14,5019511368623","46,0334289421751"
603071,Pot na Rakovo jelšo,"14,5014376009105","46,0328981940404"
603062,Murgle,"14,4997611723307","46,0372877455475"
603061,Murgle,"14,4999838811257","46,0384535917753"
602092,Ziherlova,"14,4996355985021","46,0405037688203"
602072,Mirje,"14,500669119305","46,0456223330086"
602071,Mirje,"14,5007129425827","46,0446703595961"
402022,Poliklinika,"14,5190345536217","46,0535822010773"
402021,Poliklinika,"14,5195247598878","46,0538088922616"
303032,Ob sotočju,"14,5398492793268","46,0538213183786"
403021,Kodeljevo,"14,5391744150322","46,0521922899648"
303043,Štepanjsko naselje,"14,548200669132","46,0535669144503"
303024,Zaloška,"14,5419185875166","46,0557930676559"
303051,Pot na Fužine,"14,5495750133502","46,0562549828926"
303071,Brodarjev trg,"14,5530999343792","46,0544323043463"
303072,Brodarjev trg,"14,5534459082234","46,0542080945127"
304011,Preglov trg,"14,5588679432511","46,0546966918945"
304012,Preglov trg,"14,5586838234352","46,0545282823353"
304031,Rusjanov trg,"14,5635381579658","46,0547213197494"
304032,Rusjanov trg,"14,56285010191","46,0545252114319"
304042,Chengdujska,"14,5674585490773","46,0548199178901"
304061,Studenec,"14,576019820884","46,0547196858719"
304062,Studenec,"14,5761047898288","46,0544873028857"
304071,Polje,"14,5825341543004","46,0540736150412"
304074,Polje,"14,5836685964137","46,0548817920223"
304081,Polje-kolodvor,"14,5834810774499","46,0571865764195"
304082,Polje-kolodvor,"14,5837636256577","46,0574802116673"
204101,Novo Polje,"14,5825996585414","46,0652393467374"
204102,Novo Polje,"14,5830247871717","46,0646594433519"
204081,Zadobrova,"14,57993","46,071015"
303052,Pot na Fužine,"14,5511274159203","46,0559793120522"
303061,Archinetova,"14,5553811524467","46,056254518624"
303062,Archinetova,"14,5567446524791","46,056019318024"
304021,Osenjakova,"14,5608268973777","46,0561815767354"
304022,Osenjakova,"14,5621699638457","46,0555715988365"
304041,Chengdujska,"14,5659071731747","46,0551790871287"
304072,Polje,"14,5830503231219","46,053699092378"
304091,Cesta na Vevče,"14,5894131474561","46,0540213634546"
304092,Cesta na Vevče,"14,5896486316999","46,0537870727057"
304111,Petrol,"14,6018958559998","46,0569426256292"
304112,Petrol,"14,6018387873034","46,0566550070868"
304131,Silos,"14,6062640384975","46,0578285535522"
304132,Silos,"14,6066721405823","46,0577191531978"
204181,Zadružni dom,"14,6136752386467","46,0607817707145"
204182,Zadružni dom,"14,6137417404567","46,0610685544933"
204191,Zeleni gaj,"14,6133417041208","46,0657719866693"
204192,Zeleni gaj,"14,6132242812701","46,0663425852918"
204201,Saturnus,"14,6084498528221","46,067198961327"
204211,Zalog,"14,6048679805178","46,0690964259996"
202043,Središka,"14,5248530374981","46,0625303856775"
202044,Središka,"14,5263063553858","46,0630727786738"
204061,Hrastje,"14,5633281342416","46,074654664111"
204062,Hrastje,"14,5637845561949","46,0746909404647"
204071,Sneberje,"14,5690663487487","46,0778165548515"
204072,Sneberje,"14,5695140029539","46,0778972251394"
204082,Zadobrova,"14,5800846631341","46,0710467440893"
204083,Zadobrova,"14,5804709387063","46,0725441784032"
304073,Polje,"14,583380305327","46,0547232015821"
304101,Vevče,"14,5928518713427","46,0495224354619"
403031,Pod Golovcem,"14,5299335821447","46,0485397859698"
403032,Pod Golovcem,"14,5299234236632","46,0484020012933"
403041,Stepanja vas,"14,5375551922354","46,048018191623"
403061,Rast,"14,5527966953013","46,0467650358979"
403062,Rast,"14,5529696589914","46,046550417811"
404011,Hrušica,"14,5592465274681","46,045579741671"
404012,Hrušica,"14,5604542338362","46,0451824142776"
404021,Cesta v Bizovik,"14,5699107187337","46,044648308075"
404022,Cesta v Bizovik,"14,5702847383715","46,0444428781081"
404031,Dobrunje,"14,5796107563175","46,0432198441493"
404032,Dobrunje,"14,5801006732324","46,0429726608002"
404041,Pošta Dobrunje,"14,5862106101539","46,0420525254306"
404042,Pošta Dobrunje,"14,5862769428865","46,0418722607821"
404051,KPL,"14,5919722928302","46,0415496010355"
404052,KPL,"14,5930155076351","46,0411679981144"
404061,Zadvor,"14,5973966706784","46,0404717847642"
404062,Zadvor,"14,5976815875312","46,0400166148246"
404071,Cesta v Zavoglje,"14,6024928927269","46,040283078906"
404072,Cesta v Zavoglje,"14,6032843599087","46,0399630417283"
404081,Križišče Sostro,"14,608264279482","46,0373128024334"
404082,Križišče Sostro,"14,6078301910186","46,0373007576135"
404091,Sostro,"14,6044300835047","46,0318346539589"
704031,Vrhovci,"14,455623","46,044295"
704022,Brdo,"14,4535815047364","46,0473518748528"
704021,Brdo,"14,4544401124732","46,0475893289083"
703062,Preval,"14,4588031173976","46,047461876198"
703061,Preval,"14,4592277950216","46,04725743627"
703052,Podmornica,"14,4643458194798","46,047409180621"
703051,Podmornica,"14,4650218068887","46,0472638488987"
703042,Viško polje,"14,4690759204989","46,0463661760391"
703041,Viško polje,"14,4695828205199","46,0459405458918"
703032,Jamnikarjeva,"14,4744900543158","46,0451372022588"
703031,Jamnikarjeva,"14,4752195167235","46,0448326076806"
703022,Cesta XV,"14,4802774130743","46,0466046027991"
703021,Cesta XV,"14,4809096078738","46,0459573556179"
703012,Rožna dolina,"14,4819687322362","46,0479019720208"
703011,Rožna dolina,"14,4822085265935","46,0477793973284"
702022,Študentsko naselje,"14,4874220959407","46,0493868667932"
702021,Študentsko naselje,"14,4884871017185","46,0495360420264"
702012,Pod Rožnikom,"14,4919779753942","46,0511971984579"
702011,Pod Rožnikom,"14,4922797762011","46,0511154924379"
602012,Cankarjev dom,"14,4970181229667","46,0500969106315"
602011,Cankarjev dom,"14,4985177210652","46,0510371818915"
101011,Hranilniška,"14,507314712315","46,0637352088869"
101012,Hranilniška,"14,5076000429589","46,0638776016509"
101021,Parmova,"14,5047452664051","46,0637332738403"
101022,Parmova,"14,5044379113636","46,0638467697702"
101061,Bratov Zidan,"14,5029670392812","46,0652125914215"
101062,Bratov Židan,"14,5031369934877","46,0654599623076"
102051,Podmilščakova,"14,5033811152253","46,0694200442557"
102052,Podmilščakova,"14,503734900294","46,0696646188722"
102071,Vodovodna,"14,5045382628815","46,0746816258463"
102072,Vodovodna,"14,5051744436035","46,075412353716"
103021,Brinje,"14,5056154640785","46,076962365076"
103022,Brinje,"14,5063455897371","46,0779175872901"
103061,Pohorskega bataljona,"14,5072916018955","46,0824088609516"
103062,Pohorskega bataljona,"14,5074840738995","46,0820525723104"
103091,Gorjančeva,"14,5075294684764","46,0849519977653"
103092,Gorjančeva,"14,5079036791005","46,0860602839651"
103111,7. septembra,"14,5084696098982","46,0900125259025"
103112,7. septembra,"14,5086353966768","46,0898229796124"
103121,Čerinova,"14,5121427492657","46,0899877293292"
103122,Čerinova,"14,5124448134791","46,0902824219899"
104021,Kališnikov trg,"14,5107395210725","46,0936096229744"
104022,Kališnikov trg,"14,5111587770356","46,0935912186703"
104011,Savlje,"14,503254","46,095171"
804061,Stanežiče,"14,4459923233628","46,110308402471"
804062,Stanežiče,"14,4427775507362","46,115361261912"
804071,Medno,"14,4376783235048","46,1234578358888"
804072,Medno,"14,4376775698521","46,1238801145559"
805011,Medvoška a.p.,"14,4126036903577","46,1385982714506"
805012,Medvoška a.p.,"14,4144292638562","46,1382196271512"
805021,Medvode,"14,4106481444447","46,140910741707"
805031,Novo naselje,"14,4088994767071","46,1419251206964"
805032,Novo naselje,"14,4084635149276","46,1420886915819"
805041,Medvode naselje,"14,406799","46,142341"
804141,Tacenski most,"14,4616697217749","46,1176434714006"
804142,Tacenski most,"14,4620329313273","46,118274172724"
804151,Tacen,"14,466880563933","46,1202398123933"
804152,Tacen,"14,4669464372034","46,1201476268817"
104191,Šmartno,"14,4778112389449","46,1237547303633"
104192,Šmartno,"14,4769928356368","46,12334095462"
104202,Zg. Gameljne,"14,4865820202575","46,1256914497371"
104211,Rašica,"14,4933497752674","46,1271117235912"
104212,Rašica,"14,4942976127467","46,1269597315082"
104221,Gameljne,"14,4970666067739","46,1268015000902"
203191,Yulon,"14,552712","46,061986"
203192,Yulon,"14,553738","46,061852"
304051,Fužine,"14,5657533369432","46,0520364175342"
103051,Tovarna Lek,"14,5010738402604","46,0793690268546"
103011,Toplarna,"14,5002135465797","46,0765221526591"
103012,Toplarna,"14,5003913078894","46,0763351988842"
102061,Mostovna,"14,4994673368048","46,0742984465222"
102062,Mostovna,"14,4997909001977","46,0744557792793"
802061,Tiki,"14,4951453995516","46,0729595617098"
802062,Tiki,"14,495428416438","46,072781524367"
802051,Drenikova,"14,496233611701","46,0670750543992"
203081,Tomačevo,"14,5367319984973","46,0795024004748"
203071,Nove Zale,"14,5315843856506","46,0743922225175"
203072,Nove Žale,"14,5321195846937","46,074574781396"
203031,Tomačevska,"14,5273421781761","46,0695306961881"
203032,Tomačevska,"14,5274983509624","46,0692545747422"
102021,Topniška,"14,5149228423992","46,0672344350151"
102022,Topniška,"14,5148355703627","46,0670790150096"
603092,Livada,"14,5124860998746","46,0331502007534"
603091,Livada,"14,5113156846602","46,0343603175769"
603102,Ilovica,"14,5116712282574","46,0283243333925"
603101,Ilovica,"14,5119981644784","46,0287453037109"
603112,Lahova pot,"14,5110600058389","46,0244493799523"
603111,Lahova pot,"14,511304459977","46,0244871008917"
604012,Iški most,"14,5103365236176","46,0198198672622"
604011,Iški most,"14,5106727296962","46,0196012053216"
103081,Nove Stožice,"14,519774","46,081845"
103041,Puhova,"14,5195276329798","46,0764620845281"
103042,Puhova,"14,5199693652432","46,0768816213189"
102091,Kardeljeva ploščad,"14,519127204168","46,0717802316615"
102092,Kardeljeva ploščad,"14,5196174922125","46,0725598758594"
102031,Gasilska brigada,"14,5163895242491","46,0683122204821"
102032,Gasilska brigada,"14,5170917229402","46,0684989225221"
101034,Kržičeva,"14,5142398703514","46,0653036134428"
204121,Brnčičeva,"14,555810025269","46,093735103828"
204111,Slovenijales,"14,5525718253956","46,0938797664379"
204112,Slovenijales,"14,5533908952253","46,0935650658959"
104091,Cesta na Brod,"14,5461328227218","46,0965950903672"
104092,Cesta na Brod,"14,5470074985983","46,0960606197726"
104081,Obrtna cona,"14,5422142160388","46,0977519102331"
104082,Obrtna cona,"14,5433187221436","46,097300000303"
104071,Šlandrova,"14,5356621798438","46,0979042125744"
104072,Šlandrova,"14,5360097084519","46,09779540501"
104061,Elma,"14,5271842337291","46,0985848889383"
104062,Elma,"14,5275079429496","46,0983366746928"
104171,Zasavska,"14,5460313054314","46,1038500191469"
104172,Zasavska,"14,5470762844263","46,1032936541066"
104181,Ježa,"14,553127523703","46,1006665289623"
104182,Ježa,"14,5538204214787","46,1001218585369"
204131,Nadgorica,"14,5580112653559","46,0974956006654"
204132,Nadgorica,"14,5587907666205","46,0965760067762"
204141,Belinka,"14,5746803012386","46,0914284680761"
204142,Belinka,"14,5757280921188","46,0911968501555"
204151,Šentjakob,"14,5824378546025","46,091376962714"
204152,Šentjakob,"14,5819469985043","46,0911877497691"
204161,Reaktor,"14,5960468499348","46,0910442724536"
204162,Reaktor,"14,5973329665098","46,0908041860158"
204171,Beričevo,"14,6135653766551","46,0901359980717"
803181,Kamna Gorica,"14,4651971684716","46,0794128450809"
803171,Spar,"14,4670230843961","46,0768851769341"
803172,Spar,"14,4676108743937","46,0770029462891"
803161,Bratov Babnik,"14,4629982766378","46,0747447580168"
803162,Bratov Babnik,"14,4638432106842","46,0749701988413"
802052,Drenikova,"14,4962090122151","46,0668381822726"
102011,Samova,"14,505442213679","46,0671138382894"
102012,Samova,"14,5049636004673","46,0667738851436"
203044,Sola Jarše,"14,5341802327549","46,0664026885602"
502022,Roška,"14,5207411189343","46,0486676620314"
203112,BTC-uprava,"14,5420302286368","46,0681796083574"
203111,BTC-uprava,"14,54187936884","46,0683627436705"
203122,BTC-tržnica,"14,5439740522248","46,0654937304734"
203121,BTC-tržnica,"14,5442369722116","46,0656605142907"
203142,BTC-Emporium,"14,5449699852891","46,0617841842246"
203141,BTC-Emporium,"14,544999032953","46,0621495427638"
203132,BTC-Kolosej,"14,5477370207839","46,0659349521535"
203131,BTC-Kolosej,"14,5485897737553","46,0656260766576"
703112,Dolgi most,"14,4653790164028","46,0368441633802"
703111,Dolgi most,"14,4671790974108","46,0370583059353"
104113,Primožičeva,"14,5301912886365","46,1032875491187"
104121,Polanškova,"14,5255175427248","46,1067526031311"
104122,Polanškova,"14,5258548641375","46,1073156650162"
104131,Pot v Smrečje,"14,5276907438315","46,1092956143526"
104132,Pot v Smrečje,"14,5283180448258","46,1092300323796"
104141,Pot v Hrastovec,"14,531939335951","46,1085069742204"
104142,Pot v Hrastovec,"14,5325295828739","46,1078651301273"
104151,OS Maksa Pečarja,"14,5346993029315","46,1051956225766"
104152,OS Maksa Pečarja,"14,5345150799299","46,1050649100751"
604031,Mestni log,"14,4708023482133","46,0315093254307"
201011,Železna,"14,5134899323093","46,0611179589993"
804191,Pod Kamno Gorico,"14,4558888690389","46,0737110332312"
104201,Zg. Gameljne,"14,4867167675502","46,1258788350425"
703131,Živalski vrt,"14,4702849043708","46,0535823879398"
600022,Ajdovščina,"14,5039868517979","46,0535390082324"
600032,Dalmatinova,"14,5052983679243","46,0541199976755"
501022,Zmajski most,"14,5102044360555","46,0522134847809"
501021,Zmajski most,"14,5107176337077","46,0515774565414"
501032,Krekov trg,"14,5104436548026","46,0502050925444"
501031,Krekov trg,"14,5107649777746","46,0505445674127"
502031,Streliška,"14,5169512539615","46,0446072780575"
502032,Streliška,"14,5183204559035","46,0449877191722"
502021,Roška,"14,519437789917","46,048454284668"
704041,Bokalce,"14,448009","46,051926"
704024,Brdo,"14,4538894322047","46,0478184633981"
503014,Orlova,"14,5169515609741","46,038932800293"
603121,Ižanska,"14,5130939713252","46,0353721580662"
603122,Ižanska,"14,5127596969969","46,0349717611473"
603093,Galjevica,"14,5129519669234","46,0333866931329"
603094,Galjevica,"14,5130390305002","46,0331605568042"
503051,Mihov štradon,"14,521560938484","46,0293798924376"
503052,Mihov štradon,"14,521880358945","46,0290365700358"
504041,Jurčkova,"14,5276550152748","46,0265681277864"
504042,Jurčkova,"14,5287127283254","46,0258763313666"
504051,NS Rudnik,"14,5351957555686","46,0201996502363"
504052,NS Rudnik,"14,5347886575055","46,0203070759981"
504061,NS Rudnik,"14,535336","46,018421"
703121,Živalski vrt,"14,471819705092","46,0523894741258"
703122,Živalski vrt,"14,4718466545505","46,0526896915896"
100012,Navje,"14,5082912445068","46,059700012207"
701012,Tivolska,"14,4979228973389","46,052978515625"
602093,Ziherlova,"14,5001231726554","46,0418212314252"
704012,Dolgi most - obračališče izs,"14,462638433127","46,0360554290211"
704081,Pri Poku,"14,4178838729858","46,023983001709"
704052,Dolgi most Rotar,"14,4522756714304","46,03369140625"
704051,Dolgi most Rotar,"14,4529943236577","46,0337101762823"
744021,Japelj,"14,4129620876765","46,0117010767945"
704062,Na Gmajnici,"14,4376794720764","46,0288534647548"
704061,Na Gmajnici,"14,4388203324872","46,0290474385342"
403072,Bilečanska,"14,545318915366","46,045131759786"
403071,Bilečanska,"14,5451302691563","46,0454445276347"
404102,Krožna pot,"14,5564451217651","46,0410499572754"
404101,Krožna pot,"14,5565439364464","46,0407058849986"
404112,Hruševska,"14,5647766671709","46,039508677188"
404111,Hruševska,"14,5643275095289","46,0397776852003"
404121,Bizovik,"14,5709704047329","46,0373871576994"
404123,Bizovik,"14,5707368427591","46,0376029981544"
403025,Kodeljevo - obračališče,"14,5394530435319","46,0518431482064"
704072,Radna,"14,4215431213379","46,0244979858398"
744011,Šolska,"14,4149238866867","46,0172593591138"
744012,Šolska,"14,4146543921015","46,0171842564551"
104054,Sava,"14,5212649454909","46,1005768485914"
202082,Flajšmanova,"14,5295005294853","46,064665777555"
614012,Plečnikova cerkev,"14,505982635347","46,0122268457141"
614011,Plečnikova cerkev,"14,5064946750589","46,0118200011569"
614022,Brglezov štradon,"14,499595613677","46,0094289461203"
614021,Brglezov štradon,"14,5001076533889","46,0093538327583"
614032,Dornig,"14,4948794584353","46,0076825338998"
614031,Dornig,"14,4959933693876","46,0075072636593"
614042,Capuder,"14,4903609325562","46,0059266764209"
614041,Capuder,"14,4907831407397","46,0057013216667"
614052,Zidarjevec,"14,4805782791121","46,0022864580773"
614051,Zidarjevec,"14,481656257453","46,0021862938895"
614062,Rutar,"14,475942972246","46,0002205347651"
614061,Rutar,"14,4766706076262","46,0002174045193"
614072,Lipe,"14,4698344283141","45,9976787165312"
614071,Lipe,"14,471199867546","45,99750341439"
614082,Kozler,"14,462540108207","45,993997254183"
614081,Kozler,"14,4630072321547","45,9934462658223"
614092,Snoj,"14,4570783512796","45,9915929008167"
614091,Snoj,"14,4580844643978","45,9910418883632"
745052,Podpeč,"14,4202474246307","45,9737823859685"
745051,Podpeč,"14,4208582790239","45,9739170510861"
745061,Jezero,"14,4348450479976","45,9707726911857"
704102,Kozarje,"14,443648537782","46,0309071542154"
704101,Kozarje,"14,4441156617297","46,0308445842223"
304103,Lj. Vevče Papirnica,"14,5944888196086","46,0474348077732"
304102,Lj. Vevče Papirnica,"14,5942680336943","46,0472351730541"
404083,Križišče Sostro,"14,6084080099275","46,037600589908"
404084,Križišče Sostro,"14,6087044539712","46,0374692088567"
405011,Javor/K.,"14,6401819556417","46,0402981017245"
405012,Javor/K.,"14,6405951806724","46,0402355424323"
405021,Besnica/Lj.,"14,6501263058369","46,0371199995033"
405022,Besnica/Lj.,"14,650288002588","46,0368196968669"
405031,Besnica/Lj.S.,"14,6578608004331","46,0354933405747"
405032,Besnica/Lj.S.,"14,6584087727564","46,0351054378677"
405041,Blaževo,"14,6684699039386","46,0317956404237"
405042,Blaževo,"14,6686585501483","46,0316079332675"
405051,Besnica ambulanta,"14,6872985922937","46,0333035312973"
405052,Besnica ambulanta,"14,6875321542676","46,0331783967008"
405071,Zg. Besnica,"14,7019590977306","46,0263518723917"
405072,Zg. Besnica,"14,7017614683681","46,0259263597398"
405061,Besnica kamnolom,"14,7102595309558","46,0205696244121"
405062,Besnica kamnolom,"14,7103583456371","46,0201941327182"
406011,Sem nikar,"14,718282","46,019597"
406012,Šemnikar,"14,719019","46,019407"
406021,Trebeljevo,"14,7382600183618","46,0131218931371"
406022,T rebeljevo,"14,7386373107811","46,0132658504525"
406031,Prežganje S. K.,"14,7410717452011","46,0200314188538"
406032,Prežganje S. K.,"14,7408022506159","46,0202003909342"
406041,Prežganje S.,"14,7304267090843","46,0232605731104"
406042,Prežganje S.,"14,7304806080013","46,0234921136995"
406051,Smrekarjevo,"14,7263393745416","46,0286983902983"
406052,Smrekarjevo,"14,726653784891","46,0289737084942"
406061,Volavlje,"14,7170328281981","46,0321460253985"
406062,Volavlje,"14,7170507945038","46,0323024465404"
406071,Lan išče,"14,7095318955757","46,0450774208624"
406072,Lanišče,"14,709738508091","46,0451462300102"
406081,Tuji Grm,"14,721019120071","46,0510408867378"
404132,Ljubljana Dobrunje,"14,5824649057136","46,0381325767272"
404131,Ljubljana Dobrunje,"14,5824199899494","46,0383703107647"
404142,Dobrunje pod Urhom,"14,5892834838639","46,0381101263042"
404141,Dobrunje pod Urhom,"14,5891128039599","46,038279042769"
404152,Ljubljana Zadvor,"14,5965956980562","46,0358186762159"
404151,Ljubljana Zadvor,"14,5962004393312","46,0361189843275"
404162,OS Sostro,"14,5979360017106","46,035624840802"
404161,OS Sostro,"14,5982593952129","46,0358625856985"
415012,Sadinja vas,"14,6121357011182","46,0215908265544"
415011,Sadinja vas,"14,612207566341","46,0217472777609"
415022,Podlipoglav,"14,6233103835997","46,0169034042979"
415021,Podlipoglav,"14,6232744509884","46,0171693937782"
415092,Pri Dolencu,"14,640783826882","46,0175218093691"
415091,Pri Dolencu,"14,6402089051002","46,0180099718159"
425012,Javor pri Sostrem K.,"14,6529777019175","46,0122155516923"
425011,Javor pri Sostrem K.,"14,6529238030005","46,0125472843239"
415032,Veliki Lipoglav,"14,6530408077225","46,0052288900644"
415031,Veliki Lipoglav,"14,6532204707793","46,0053415685255"
415042,Selo pri Pancah K.,"14,6572823961684","45,9991540651452"
415041,Selo pri Pancah K.,"14,6572284972514","45,9993387529115"
415082,Primožev ovinek,"14,6585525032019","45,9920249408104"
415081,Primožev ovinek,"14,6589118293155","45,991837097752"
415052,Pance K.,"14,6637425795166","45,9886759878044"
415051,Pance K.,"14,6640839393246","45,9885006569594"
415072,Pri Dogonivar,"14,6573846933325","45,9896893798418"
415071,Pri Dogonivar,"14,6575643563893","45,9890882542659"
415061,Mali Lipoglav,"14,647905983493","45,9921699766419"
404092,Sostro,"14,6042055046836","46,0321224701476"
404093,Sostro,"14,6045558476445","46,0320098466013"
504072,Pod Hribom,"14,5493852576655","46,0057802889793"
504071,Pod Hribom,"14,5489720326348","46,0064813886174"
504082,Lavrica pri Malči,"14,5546523796148","46,0009537264612"
504081,Lavrica pri Malči,"14,5545176323222","46,001560982665"
504092,Lavrica,"14,5579402135546","45,9969844846173"
504091,Lavrica,"14,557580887441","45,99733509165"
504102,Škofljica Petkovšek,"14,5662406467799","45,9895460800128"
504101,Škofljica Petkovšek,"14,5662855625441","45,9899155194756"
504112,Škofljica žaga,"14,5715946058733","45,9858828595104"
504111,Škofljica žaga,"14,5713610438994","45,9861677854114"
515011,Škofljica špica,"14,5744781979353","45,9844801258618"
515013,Škofljica obračališče,"14,5751788838569","45,9790755095741"
504033,Rudnik,"14,5433705174721","46,0183854784388"
504032,Rudnik,"14,5432178038738","46,0180725564313"
603141,Tbilisijska,"14,4781438446922","46,0337352434663"
603142,Tbilisijska,"14,4782336762206","46,0339792531908"
603044,Koprska,"14,4832452268611","46,0352461611615"
103162,Maroltova,"14,5199244885565","46,0794399764814"
103161,Maroltova,"14,5196909265827","46,0797931830415"
103173,Center Stožice,"14,5246136943398","46,0791274024066"
103182,Titova,"14,5247843742438","46,0758515188938"
103191,Božičeva,"14,520355679893","46,075776496368"
103192,Božičeva,"14,5203377135873","46,0756108212601"
515012,Škofljica,"14,57585262032","45,9831775554409"
505012,Škofljica Javornik,"14,5807583995972","45,9851995644675"
505011,Škofljica Javornik,"14,5800307642171","45,9851181557847"
505022,Reber pri Škofljici,"14,5884839110406","45,9851807778591"
505021,Reber pri Škofljici,"14,5879808544815","45,9861451488006"
505032,Špilar,"14,5939995668851","45,9854437897929"
505031,Špilar,"14,594403808763","45,9849553380578"
505042,Mali vrh,"14,5993714922841","45,9814734282305"
505041,Mali vrh,"14,5999284477603","45,9816487814778"
505052,Razdrto,"14,6065759808627","45,9771019416278"
505051,Razdrto,"14,6064502167229","45,9774526754327"
505062,Šmarje,"14,6119658725675","45,9757490902928"
505061,Šmarje,"14,6114358665499","45,9761624650634"
505072,Sap,"14,6194757883427","45,9733188849048"
505071,Sap,"14,6198620639149","45,9734535511568"
505082,Cikava,"14,6326630567136","45,9668921029467"
505081,Cikava,"14,6324384778926","45,9672429018339"
505092,Brvace,"14,64112518669","45,9633714617247"
505091,Brvace,"14,6406041638252","45,9639227513772"
505102,Stara pošta,"14,6447184478265","45,9612163673765"
505101,Stara pošta,"14,6446645489094","45,9617050298871"
505112,Pod gozdom,"14,6512042841778","45,9582341790693"
505111,Pod gozdom,"14,6502700362823","45,9591238403886"
505132,Adamičev spomenik,"14,654132792004","45,9572191957816"
505162,OŠ Brinje,"14,6582201265468","45,9628045046753"
505152,Ljubljanska,"14,6576452047649","45,9590298627594"
505172,Kongo,"14,6599538750451","45,9668983672322"
505122,Vodičar,"14,6611755838316","45,9563796275637"
536022,Krpan,"14,6608881229406","45,9526014121468"
536012,Mrzle njive,"14,6560821361706","45,9519246894727"
505141,Grosuplje,"14,6525158244926","45,9560914146265"
604022,Barje,"14,5119970667011","46,014476266165"
604023,Barje,"14,5122306286749","46,0146139610805"
604052,Pri Maranzu,"14,5144537484762","46,0068186965887"
604051,Pri Maranzu,"14,5146873104501","46,0072067990893"
604042,Havptmance,"14,5165827556996","45,9996570876595"
604041,Havptmance,"14,5171576774814","45,9995819609424"
605082,Ig Petrol,"14,5303449458524","45,9625946351153"
605081,Ig Petrol,"14,5304886762979","45,9629204024475"
605012,Ig AP,"14,5275691516245","45,9588262440124"
605011,Ig AP,"14,5281530565591","45,9586727463052"
625022,Ig,"14,5178493802502","45,9603455349697"
625021,ig,"14,5181907400582","45,9603643300592"
603131,Hladnikova,"14,504850758089","46,037019898807"
603132,Hladnikova,"14,5047429602549","46,0368196968669"
203211,Kranjčeva,"14,5258623525846","46,0689677747977"
745022,Erbežnik,"14,4129830483664","46,0019400561519"
745021,Erbežnik,"14,4135400038426","46,0022029879335"
745032,Mostiček,"14,4063954029495","45,9959882797341"
745031,Mostiček,"14,4064852344779","45,995581314965"
745041,Notranje Gorice,"14,4024697651579","45,9878578048631"
803212,Kovinarska,"14,4918072201637","46,0804464528947"
803211,Kovinarska,"14,4913580625216","46,0803964420806"
103201,Litostroj,"14,497189982638","46,0826421091"
815041,Zg. Pirniče Mihovec,"14,4272800540784","46,1409701247976"
815032,Zg. Pirniče,"14,4336862212811","46,1374415996388"
815031,Zg. Pirniče,"14,4333089288618","46,13752902742"
815022,Sp. Pirniče,"14,4385820395795","46,1342628804347"
815021,Sp. Pirniče,"14,4394534054051","46,133594638958"
815102,Gostilna Kovač,"14,4446277014417","46,1288417702333"
815101,Gostilna Kovač,"14,4442863416337","46,1286481492222"
815012,Vikrče,"14,4458673765337","46,1228579398975"
815011,Vikrče,"14,4455080504201","46,1225268738193"
815112,Kajakaška,"14,4517423584919","46,1189162496211"
815111,Kajakaška,"14,4514908302123","46,1186039006965"
804144,Tacenski most,"14,4613553114255","46,1181432375917"
804122,Brod,"14,4623895786085","46,1157089089127"
804312,Kurirska,"14,4659447231338","46,1147681105966"
804311,Kurirska,"14,4660884535793","46,1145182126671"
804322,V Dovjež,"14,4697445967856","46,112918838911"
804321,V Dovjež,"14,469780529397","46,112643941842"
804104,Tabor,"14,4621417085981","46,108817317204"
804342,Oval,"14,4487240191372","46,1037277819299"
804341,Oval,"14,4498289469367","46,104196431941"
804352,Dvor,"14,4421303849518","46,1061209792756"
804351,Dvor,"14,4428939529433","46,1055273761085"
804361,Stanežiče,"14,4365823315126","46,1083941899974"
744022,Japelj,"14,4127375088554","46,0102332786021"
625032,Staje,"14,5121989771131","45,9573445033728"
625031,Staje,"14,512603218991","45,957156541879"
625042,Kot,"14,5117947352353","45,9510662422624"
625041,Kot,"14,5121899939603","45,9513920778158"
625061,Iška vas šola,"14,5096118290949","45,9442232502692"
625062,Iška vas šola,"14,5093513176625","45,9439036392016"
625052,Iška vas,"14,5111659145364","45,9401057657486"
625051,Iška vas,"14,5116689710955","45,9402311122851"
626011,Iška vas obračališče,"14,5145615463104","45,9370409541923"
835011,Verje,"14,4176063776953","46,1434113471726"
835012,Verje,"14,4180555353374","46,1435487186318"
835021,Komandata Staneta,"14,4125758121043","46,1425496456048"
835022,Komandata Staneta,"14,4122703849077","46,1419439486977"
805022,Medvode,"14,4119507016067","46,1410418750108"
805052,Medvode na klancu,"14,4104378217281","46,146814311283"
805062,Zbiljski Gaj,"14,4111474908025","46,1521587229254"
805061,Zbiljski Gaj,"14,4107342657718","46,1519901571707"
805072,Zbilje K,"14,4124859805759","46,1573840035961"
805071,Zbilje K,"14,4116505473617","46,1569782350474"
805082,Zbilje jezero,"14,4179836701147","46,158070681972"
805081,Zbilje jezero,"14,4172111189704","46,1583578358264"
805091,Zbilje barka,"14,4247030684399","46,1625276392136"
805092,Zbilje barka,"14,425547484807","46,1622654753167"
815121,Smlednik šola,"14,4291048133321","46,1675709284713"
815122,Smlednik šola,"14,4298414318651","46,1673587202324"
815092,Valburga,"14,4331472321106","46,1684197531875"
815091,Valburga,"14,4331562152634","46,1687817479536"
815131,Hraše zahod,"14,4405313837461","46,1702297030411"
815132,Hraše zahod,"14,4414296990302","46,1701173630709"
816012,Hraše center,"14,4478526533117","46,174373638339"
816011,Hraše center,"14,4473136641412","46,1741676971681"
825082,Zapoge,"14,4647948795702","46,1789915092299"
825081,Zapoge,"14,4623514619974","46,1794407947522"
825111,Zapoge obračališče,"14,4714334295198","46,1805078330595"
104194,Šmartno pod S.G.,"14,4766346750149","46,1244507769985"
104193,Šmartno pod S.G.,"14,4763382309711","46,1243320966165"
825012,Povodje,"14,4785031708058","46,141966844579"
825011,Povodje,"14,478206726762","46,1415859391248"
825022,Skaručna,"14,4840996750259","46,1540503696489"
825021,Skaručna,"14,4836325510782","46,1539442393873"
825031,Polje obračališe,"14,4921934957358","46,1627398662093"
825042,Repnje Benk,"14,481153200894","46,1694807655441"
825041,Repnje Benk,"14,4808926894616","46,1691936701157"
825052,Repnje samostan,"14,4814586280906","46,1714529455472"
825051,Repnje samostan,"14,4808477736974","46,1711908244581"
825062,Repnje kapelica,"14,4845847652793","46,1766576611014"
825061,Repnje kapelica,"14,4843242538469","46,1767138243928"
825072,Dobruša lipa,"14,4787277496269","46,1809758257421"
825071,Dobruša lipa,"14,4785301202644","46,1808697477521"
826012,Vodice,"14,4915736581897","46,1867411666405"
826011,Vodice,"14,4913041636045","46,1868222764032"
826091,Vodice OS,"14,4954543802172","46,1851938188703"
826092,Vodice OŠ,"14,4952028519376","46,1851002278816"
826022,Bukovica Plevevc,"14,505982635347","46,1763206801405"
826021,Bukovica Plevevc,"14,5090009747017","46,1733252024774"
826032,Bukovica Anzel,"14,5088662274091","46,1731005350327"
826031,Bukovica Anzel,,
826042,Utik,"14,510905403104","46,1697491359938"
826041,Utik,"14,5109413357154","46,1700175051256"
826052,Selo pri Vodicah,"14,5165558062411","46,1636511845312"
826051,Selo pri Vodicah,"14,5169690312718","46,1636948774937"
826101,Selo Mali Dunaj,"14,5121450781961","46,1605676215466"
826102,Selo Mali Dunaj,"14,5122888086416","46,1609234261526"
826062,Vesca,"14,5042758363072","46,1587573517236"
826061,Vesca,"14,5045273645868","46,1585888063105"
826111,Koseze,"14,5187836281457","46,16906260431"
826112,Koseze,"14,5188285439099","46,168794230489"
826121,Koseze Stare,"14,5380435078373","46,1684759249462"
826122,Koseze Stare,"14,537890794239","46,1681076868095"
826131,Sinkov Turn,"14,5322044584905","46,1649931667284"
826132,Sinkov T urn,"14,5317283513899","46,1651117589195"
826141,Sinkov Turn hrib,"14,5280632250307","46,1627148983703"
826142,Šinkov Turn hrib,"14,5279105114324","46,162927124639"
826082,Vojsko,"14,4862196990964","46,1496801296639"
826081,Vojsko,"14,486695806197","46,1493804432692"
603064,Murgle,"14,5005157571694","46,0378633192509"
505182,Dom starejših,"14,6613372805827","45,9631208736937"
505192,Dom obrtnikov,"14,6600437065735","45,9586602158612"
816021,Hraše vzhod,"14,4536917026584","46,1756404714992"
816022,Hraše vzhod,"14,4530898314181","46,1748978487262"
300013,AP Ljubljana,"14,5093513176625","46,0579369774099"
502024,Roška,"14,5197080563576","46,0494182535155"
603151,Goluhova,"14,5172115763985","46,0315140794488"
603152,Goluhova,"14,5174631046781","46,0310197800233"
504121,Bobrova,"14,5323392057831","46,0241304097288"
504122,Bobrova,"14,5315397051802","46,0245121322412"
835031,Svetje,"14,4077967747928","46,1461587108094"
745101,OŠ Jezero,"14,4289700660395","45,9718594574061"
604061,Ižica,"14,5155047773587","46,0044336839578"
604062,Ižica,"14,5153520637604","46,0041582427621"
203231,Na Žale,,
203232,Na Žale,,
704171,Tržaška,,
704172,Tržaška,,